student_id,student_username
S-100001,student0001
S-100002,student0002
S-100003,student0003
S-100004,student0004
S-100005,student0005
S-100006,student0006
S-100007,student0007
S-100008,student0008
S-100009,student0009
S-100010,student0010
S-100011,student0011
S-100012,student0012
S-100013,student0013
S-100014,student0014
S-100015,student0015
S-100016,student0016
S-100017,student0017
S-100018,student0018
S-100019,student0019
S-100020,student0020
S-100021,student0021
S-100022,student0022
S-100023,student0023
S-100024,student0024
S-100025,student0025
S-100026,student0026
S-100027,student0027
S-100028,student0028
S-100029,student0029
S-100030,student0030
S-100031,student0031
S-100032,student0032
S-100033,student0033
S-100034,student0034
S-100035,student0035
S-100036,student0036
S-100037,student0037
S-100038,student0038
S-100039,student0039
S-100040,student0040
S-100041,student0041
S-100042,student0042
S-100043,student0043
S-100044,student0044
S-100045,student0045
S-100046,student0046
S-100047,student0047
S-100048,student0048
S-100049,student0049
S-100050,student0050
S-100051,student0051
S-100052,student0052
S-100053,student0053
S-100054,student0054
S-100055,student0055
S-100056,student0056
S-100057,student0057
S-100058,student0058
S-100059,student0059
S-100060,student0060
S-100061,student0061
S-100062,student0062
S-100063,student0063
S-100064,student0064
S-100065,student0065
S-100066,student0066
S-100067,student0067
S-100068,student0068
S-100069,student0069
S-100070,student0070
S-100071,student0071
S-100072,student0072
S-100073,student0073
S-100074,student0074
S-100075,student0075
S-100076,student0076
S-100077,student0077
S-100078,student0078
S-100079,student0079
S-100080,student0080
S-100081,student0081
S-100082,student0082
S-100083,student0083
S-100084,student0084
S-100085,student0085
S-100086,student0086
S-100087,student0087
S-100088,student0088
S-100089,student0089
S-100090,student0090
S-100091,student0091
S-100092,student0092
S-100093,student0093
S-100094,student0094
S-100095,student0095
S-100096,student0096
S-100097,student0097
S-100098,student0098
S-100099,student0099
S-100100,student0100
S-100101,student0101
S-100102,student0102
S-100103,student0103
S-100104,student0104
S-100105,student0105
S-100106,student0106
S-100107,student0107
S-100108,student0108
S-100109,student0109
S-100110,student0110
S-100111,student0111
S-100112,student0112
S-100113,student0113
S-100114,student0114
S-100115,student0115
S-100116,student0116
S-100117,student0117
S-100118,student0118
S-100119,student0119
S-100120,student0120
S-100121,student0121
S-100122,student0122
S-100123,student0123
S-100124,student0124
S-100125,student0125
S-100126,student0126
S-100127,student0127
S-100128,student0128
S-100129,student0129
S-100130,student0130
S-100131,student0131
S-100132,student0132
S-100133,student0133
S-100134,student0134
S-100135,student0135
S-100136,student0136
S-100137,student0137
S-100138,student0138
S-100139,student0139
S-100140,student0140
S-100141,student0141
S-100142,student0142
S-100143,student0143
S-100144,student0144
S-100145,student0145
S-100146,student0146
S-100147,student0147
S-100148,student0148
S-100149,student0149
S-100150,student0150
S-100151,student0151
S-100152,student0152
S-100153,student0153
S-100154,student0154
S-100155,student0155
S-100156,student0156
S-100157,student0157
S-100158,student0158
S-100159,student0159
S-100160,student0160
S-100161,student0161
S-100162,student0162
S-100163,student0163
S-100164,student0164
S-100165,student0165
S-100166,student0166
S-100167,student0167
S-100168,student0168
S-100169,student0169
S-100170,student0170
S-100171,student0171
S-100172,student0172
S-100173,student0173
S-100174,student0174
S-100175,student0175
S-100176,student0176
S-100177,student0177
S-100178,student0178
S-100179,student0179
S-100180,student0180
S-100181,student0181
S-100182,student0182
S-100183,student0183
S-100184,student0184
S-100185,student0185
S-100186,student0186
S-100187,student0187
S-100188,student0188
S-100189,student0189
S-100190,student0190
S-100191,student0191
S-100192,student0192
S-100193,student0193
S-100194,student0194
S-100195,student0195
S-100196,student0196
S-100197,student0197
S-100198,student0198
S-100199,student0199
S-100200,student0200
S-100201,student0201
S-100202,student0202
S-100203,student0203
S-100204,student0204
S-100205,student0205
S-100206,student0206
S-100207,student0207
S-100208,student0208
S-100209,student0209
S-100210,student0210
S-100211,student0211
S-100212,student0212
S-100213,student0213
S-100214,student0214
S-100215,student0215
S-100216,student0216
S-100217,student0217
S-100218,student0218
S-100219,student0219
S-100220,student0220
S-100221,student0221
S-100222,student0222
S-100223,student0223
S-100224,student0224
S-100225,student0225
S-100226,student0226
S-100227,student0227
S-100228,student0228
S-100229,student0229
S-100230,student0230
S-100231,student0231
S-100232,student0232
S-100233,student0233
S-100234,student0234
S-100235,student0235
S-100236,student0236
S-100237,student0237
S-100238,student0238
S-100239,student0239
S-100240,student0240
S-100241,student0241
S-100242,student0242
S-100243,student0243
S-100244,student0244
S-100245,student0245
S-100246,student0246
S-100247,student0247
S-100248,student0248
S-100249,student0249
S-100250,student0250
S-100251,student0251
S-100252,student0252
S-100253,student0253
S-100254,student0254
S-100255,student0255
S-100256,student0256
S-100257,student0257
S-100258,student0258
S-100259,student0259
S-100260,student0260
S-100261,student0261
S-100262,student0262
S-100263,student0263
S-100264,student0264
S-100265,student0265
S-100266,student0266
S-100267,student0267
S-100268,student0268
S-100269,student0269
S-100270,student0270
S-100271,student0271
S-100272,student0272
S-100273,student0273
S-100274,student0274
S-100275,student0275
S-100276,student0276
S-100277,student0277
S-100278,student0278
S-100279,student0279
S-100280,student0280
S-100281,student0281
S-100282,student0282
S-100283,student0283
S-100284,student0284
S-100285,student0285
S-100286,student0286
S-100287,student0287
S-100288,student0288
S-100289,student0289
S-100290,student0290
S-100291,student0291
S-100292,student0292
S-100293,student0293
S-100294,student0294
S-100295,student0295
S-100296,student0296
S-100297,student0297
S-100298,student0298
S-100299,student0299
S-100300,student0300
S-100301,student0301
S-100302,student0302
S-100303,student0303
S-100304,student0304
S-100305,student0305
S-100306,student0306
S-100307,student0307
S-100308,student0308
S-100309,student0309
S-100310,student0310
S-100311,student0311
S-100312,student0312
S-100313,student0313
S-100314,student0314
S-100315,student0315
S-100316,student0316
S-100317,student0317
S-100318,student0318
S-100319,student0319
S-100320,student0320
S-100321,student0321
S-100322,student0322
S-100323,student0323
S-100324,student0324
S-100325,student0325
S-100326,student0326
S-100327,student0327
S-100328,student0328
S-100329,student0329
S-100330,student0330
S-100331,student0331
S-100332,student0332
S-100333,student0333
S-100334,student0334
S-100335,student0335
S-100336,student0336
S-100337,student0337
S-100338,student0338
S-100339,student0339
S-100340,student0340
S-100341,student0341
S-100342,student0342
S-100343,student0343
S-100344,student0344
S-100345,student0345
S-100346,student0346
S-100347,student0347
S-100348,student0348
S-100349,student0349
S-100350,student0350
S-100351,student0351
S-100352,student0352
S-100353,student0353
S-100354,student0354
S-100355,student0355
S-100356,student0356
S-100357,student0357
S-100358,student0358
S-100359,student0359
S-100360,student0360
S-100361,student0361
S-100362,student0362
S-100363,student0363
S-100364,student0364
S-100365,student0365
S-100366,student0366
S-100367,student0367
S-100368,student0368
S-100369,student0369
S-100370,student0370
S-100371,student0371
S-100372,student0372
S-100373,student0373
S-100374,student0374
S-100375,student0375
S-100376,student0376
S-100377,student0377
S-100378,student0378
S-100379,student0379
S-100380,student0380
S-100381,student0381
S-100382,student0382
S-100383,student0383
S-100384,student0384
S-100385,student0385
S-100386,student0386
S-100387,student0387
S-100388,student0388
S-100389,student0389
S-100390,student0390
S-100391,student0391
S-100392,student0392
S-100393,student0393
S-100394,student0394
S-100395,student0395
S-100396,student0396
S-100397,student0397
S-100398,student0398
S-100399,student0399
S-100400,student0400
S-100401,student0401
S-100402,student0402
S-100403,student0403
S-100404,student0404
S-100405,student0405
S-100406,student0406
S-100407,student0407
S-100408,student0408
S-100409,student0409
S-100410,student0410
S-100411,student0411
S-100412,student0412
S-100413,student0413
S-100414,student0414
S-100415,student0415
S-100416,student0416
S-100417,student0417
S-100418,student0418
S-100419,student0419
S-100420,student0420
S-100421,student0421
S-100422,student0422
S-100423,student0423
S-100424,student0424
S-100425,student0425
S-100426,student0426
S-100427,student0427
S-100428,student0428
S-100429,student0429
S-100430,student0430
S-100431,student0431
S-100432,student0432
S-100433,student0433
S-100434,student0434
S-100435,student0435
S-100436,student0436
S-100437,student0437
S-100438,student0438
S-100439,student0439
S-100440,student0440
S-100441,student0441
S-100442,student0442
S-100443,student0443
S-100444,student0444
S-100445,student0445
S-100446,student0446
S-100447,student0447
S-100448,student0448
S-100449,student0449
S-100450,student0450
S-100451,student0451
S-100452,student0452
S-100453,student0453
S-100454,student0454
S-100455,student0455
S-100456,student0456
S-100457,student0457
S-100458,student0458
S-100459,student0459
S-100460,student0460
S-100461,student0461
S-100462,student0462
S-100463,student0463
S-100464,student0464
S-100465,student0465
S-100466,student0466
S-100467,student0467
S-100468,student0468
S-100469,student0469
S-100470,student0470
S-100471,student0471
S-100472,student0472
S-100473,student0473
S-100474,student0474
S-100475,student0475
S-100476,student0476
S-100477,student0477
S-100478,student0478
S-100479,student0479
S-100480,student0480
S-100481,student0481
S-100482,student0482
S-100483,student0483
S-100484,student0484
S-100485,student0485
S-100486,student0486
S-100487,student0487
S-100488,student0488
S-100489,student0489
S-100490,student0490
S-100491,student0491
S-100492,student0492
S-100493,student0493
S-100494,student0494
S-100495,student0495
S-100496,student0496
S-100497,student0497
S-100498,student0498
S-100499,student0499
S-100500,student0500
S-100501,student0501
S-100502,student0502
S-100503,student0503
S-100504,student0504
S-100505,student0505
S-100506,student0506
S-100507,student0507
S-100508,student0508
S-100509,student0509
S-100510,student0510
S-100511,student0511
S-100512,student0512
S-100513,student0513
S-100514,student0514
S-100515,student0515
S-100516,student0516
S-100517,student0517
S-100518,student0518
S-100519,student0519
S-100520,student0520
S-100521,student0521
S-100522,student0522
S-100523,student0523
S-100524,student0524
S-100525,student0525
S-100526,student0526
S-100527,student0527
S-100528,student0528
S-100529,student0529
S-100530,student0530
S-100531,student0531
S-100532,student0532
S-100533,student0533
S-100534,student0534
S-100535,student0535
S-100536,student0536
S-100537,student0537
S-100538,student0538
S-100539,student0539
S-100540,student0540
S-100541,student0541
S-100542,student0542
S-100543,student0543
S-100544,student0544
S-100545,student0545
S-100546,student0546
S-100547,student0547
S-100548,student0548
S-100549,student0549
S-100550,student0550
S-100551,student0551
S-100552,student0552
S-100553,student0553
S-100554,student0554
S-100555,student0555
S-100556,student0556
S-100557,student0557
S-100558,student0558
S-100559,student0559
S-100560,student0560
S-100561,student0561
S-100562,student0562
S-100563,student0563
S-100564,student0564
S-100565,student0565
S-100566,student0566
S-100567,student0567
S-100568,student0568
S-100569,student0569
S-100570,student0570
S-100571,student0571
S-100572,student0572
S-100573,student0573
S-100574,student0574
S-100575,student0575
S-100576,student0576
S-100577,student0577
S-100578,student0578
S-100579,student0579
S-100580,student0580
S-100581,student0581
S-100582,student0582
S-100583,student0583
S-100584,student0584
S-100585,student0585
S-100586,student0586
S-100587,student0587
S-100588,student0588
S-100589,student0589
S-100590,student0590
S-100591,student0591
S-100592,student0592
S-100593,student0593
S-100594,student0594
S-100595,student0595
S-100596,student0596
S-100597,student0597
S-100598,student0598
S-100599,student0599
S-100600,student0600
S-100601,student0601
S-100602,student0602
S-100603,student0603
S-100604,student0604
S-100605,student0605
S-100606,student0606
S-100607,student0607
S-100608,student0608
S-100609,student0609
S-100610,student0610
S-100611,student0611
S-100612,student0612
S-100613,student0613
S-100614,student0614
S-100615,student0615
S-100616,student0616
S-100617,student0617
S-100618,student0618
S-100619,student0619
S-100620,student0620
S-100621,student0621
S-100622,student0622
S-100623,student0623
S-100624,student0624
S-100625,student0625
S-100626,student0626
S-100627,student0627
S-100628,student0628
S-100629,student0629
S-100630,student0630
S-100631,student0631
S-100632,student0632
S-100633,student0633
S-100634,student0634
S-100635,student0635
S-100636,student0636
S-100637,student0637
S-100638,student0638
S-100639,student0639
S-100640,student0640
S-100641,student0641
S-100642,student0642
S-100643,student0643
S-100644,student0644
S-100645,student0645
S-100646,student0646
S-100647,student0647
S-100648,student0648
S-100649,student0649
S-100650,student0650
S-100651,student0651
S-100652,student0652
S-100653,student0653
S-100654,student0654
S-100655,student0655
S-100656,student0656
S-100657,student0657
S-100658,student0658
S-100659,student0659
S-100660,student0660
S-100661,student0661
S-100662,student0662
S-100663,student0663
S-100664,student0664
S-100665,student0665
S-100666,student0666
S-100667,student0667
S-100668,student0668
S-100669,student0669
S-100670,student0670
S-100671,student0671
S-100672,student0672
S-100673,student0673
S-100674,student0674
S-100675,student0675
S-100676,student0676
S-100677,student0677
S-100678,student0678
S-100679,student0679
S-100680,student0680
S-100681,student0681
S-100682,student0682
S-100683,student0683
S-100684,student0684
S-100685,student0685
S-100686,student0686
S-100687,student0687
S-100688,student0688
S-100689,student0689
S-100690,student0690
S-100691,student0691
S-100692,student0692
S-100693,student0693
S-100694,student0694
S-100695,student0695
S-100696,student0696
S-100697,student0697
S-100698,student0698
S-100699,student0699
S-100700,student0700
S-100701,student0701
S-100702,student0702
S-100703,student0703
S-100704,student0704
S-100705,student0705
S-100706,student0706
S-100707,student0707
S-100708,student0708
S-100709,student0709
S-100710,student0710
S-100711,student0711
S-100712,student0712
S-100713,student0713
S-100714,student0714
S-100715,student0715
S-100716,student0716
S-100717,student0717
S-100718,student0718
S-100719,student0719
S-100720,student0720
S-100721,student0721
S-100722,student0722
S-100723,student0723
S-100724,student0724
S-100725,student0725
S-100726,student0726
S-100727,student0727
S-100728,student0728
S-100729,student0729
S-100730,student0730
S-100731,student0731
S-100732,student0732
S-100733,student0733
S-100734,student0734
S-100735,student0735
S-100736,student0736
S-100737,student0737
S-100738,student0738
S-100739,student0739
S-100740,student0740
S-100741,student0741
S-100742,student0742
S-100743,student0743
S-100744,student0744
S-100745,student0745
S-100746,student0746
S-100747,student0747
S-100748,student0748
S-100749,student0749
S-100750,student0750
S-100751,student0751
S-100752,student0752
S-100753,student0753
S-100754,student0754
S-100755,student0755
S-100756,student0756
S-100757,student0757
S-100758,student0758
S-100759,student0759
S-100760,student0760
S-100761,student0761
S-100762,student0762
S-100763,student0763
S-100764,student0764
S-100765,student0765
S-100766,student0766
S-100767,student0767
S-100768,student0768
S-100769,student0769
S-100770,student0770
S-100771,student0771
S-100772,student0772
S-100773,student0773
S-100774,student0774
S-100775,student0775
S-100776,student0776
S-100777,student0777
S-100778,student0778
S-100779,student0779
S-100780,student0780
S-100781,student0781
S-100782,student0782
S-100783,student0783
S-100784,student0784
S-100785,student0785
S-100786,student0786
S-100787,student0787
S-100788,student0788
S-100789,student0789
S-100790,student0790
S-100791,student0791
S-100792,student0792
S-100793,student0793
S-100794,student0794
S-100795,student0795
S-100796,student0796
S-100797,student0797
S-100798,student0798
S-100799,student0799
S-100800,student0800
S-100801,student0801
S-100802,student0802
S-100803,student0803
S-100804,student0804
S-100805,student0805
S-100806,student0806
S-100807,student0807
S-100808,student0808
S-100809,student0809
S-100810,student0810
S-100811,student0811
S-100812,student0812
S-100813,student0813
S-100814,student0814
S-100815,student0815
S-100816,student0816
S-100817,student0817
S-100818,student0818
S-100819,student0819
S-100820,student0820
S-100821,student0821
S-100822,student0822
S-100823,student0823
S-100824,student0824
S-100825,student0825
S-100826,student0826
S-100827,student0827
S-100828,student0828
S-100829,student0829
S-100830,student0830
S-100831,student0831
S-100832,student0832
S-100833,student0833
S-100834,student0834
S-100835,student0835
S-100836,student0836
S-100837,student0837
S-100838,student0838
S-100839,student0839
S-100840,student0840
S-100841,student0841
S-100842,student0842
S-100843,student0843
S-100844,student0844
S-100845,student0845
S-100846,student0846
S-100847,student0847
S-100848,student0848
S-100849,student0849
S-100850,student0850
S-100851,student0851
S-100852,student0852
S-100853,student0853
S-100854,student0854
S-100855,student0855
S-100856,student0856
S-100857,student0857
S-100858,student0858
S-100859,student0859
S-100860,student0860
S-100861,student0861
S-100862,student0862
S-100863,student0863
S-100864,student0864
S-100865,student0865
S-100866,student0866
S-100867,student0867
S-100868,student0868
S-100869,student0869
S-100870,student0870
S-100871,student0871
S-100872,student0872
S-100873,student0873
S-100874,student0874
S-100875,student0875
S-100876,student0876
S-100877,student0877
S-100878,student0878
S-100879,student0879
S-100880,student0880
S-100881,student0881
S-100882,student0882
S-100883,student0883
S-100884,student0884
S-100885,student0885
S-100886,student0886
S-100887,student0887
S-100888,student0888
S-100889,student0889
S-100890,student0890
S-100891,student0891
S-100892,student0892
S-100893,student0893
S-100894,student0894
S-100895,student0895
S-100896,student0896
S-100897,student0897
S-100898,student0898
S-100899,student0899
S-100900,student0900
S-100901,student0901
S-100902,student0902
S-100903,student0903
S-100904,student0904
S-100905,student0905
S-100906,student0906
S-100907,student0907
S-100908,student0908
S-100909,student0909
S-100910,student0910
S-100911,student0911
S-100912,student0912
S-100913,student0913
S-100914,student0914
S-100915,student0915
S-100916,student0916
S-100917,student0917
S-100918,student0918
S-100919,student0919
S-100920,student0920
S-100921,student0921
S-100922,student0922
S-100923,student0923
S-100924,student0924
S-100925,student0925
S-100926,student0926
S-100927,student0927
S-100928,student0928
S-100929,student0929
S-100930,student0930
S-100931,student0931
S-100932,student0932
S-100933,student0933
S-100934,student0934
S-100935,student0935
S-100936,student0936
S-100937,student0937
S-100938,student0938
S-100939,student0939
S-100940,student0940
S-100941,student0941
S-100942,student0942
S-100943,student0943
S-100944,student0944
S-100945,student0945
S-100946,student0946
S-100947,student0947
S-100948,student0948
S-100949,student0949
S-100950,student0950
S-100951,student0951
S-100952,student0952
S-100953,student0953
S-100954,student0954
S-100955,student0955
S-100956,student0956
S-100957,student0957
S-100958,student0958
S-100959,student0959
S-100960,student0960
S-100961,student0961
S-100962,student0962
S-100963,student0963
S-100964,student0964
S-100965,student0965
S-100966,student0966
S-100967,student0967
S-100968,student0968
S-100969,student0969
S-100970,student0970
S-100971,student0971
S-100972,student0972
S-100973,student0973
S-100974,student0974
S-100975,student0975
S-100976,student0976
S-100977,student0977
S-100978,student0978
S-100979,student0979
S-100980,student0980
S-100981,student0981
S-100982,student0982
S-100983,student0983
S-100984,student0984
S-100985,student0985
S-100986,student0986
S-100987,student0987
S-100988,student0988
S-100989,student0989
S-100990,student0990
S-100991,student0991
S-100992,student0992
S-100993,student0993
S-100994,student0994
S-100995,student0995
S-100996,student0996
S-100997,student0997
S-100998,student0998
S-100999,student0999
S-101000,student1000
